"Refs","Value","Footprint","Qty","DNP"
"C1","100nF","RoyalBlue54L-Feather:C_0402_1005Metric","1",""
"C2","10uF","RoyalBlue54L-Feather:C_0603_1608Metric","1",""
"C3","10uF","RoyalBlue54L-Feather:C_0603_1608Metric","1",""
"C4","10uF","RoyalBlue54L-Feather:C_0603_1608Metric","1",""
"C5","1uF","RoyalBlue54L-Feather:C_0603_1608Metric","1",""
"C6","1uF","RoyalBlue54L-Feather:C_0603_1608Metric","1",""
"C7","4.7uF","RoyalBlue54L-Feather:C_0402_1005Metric","1",""
"C8","10uF","RoyalBlue54L-Feather:C_0603_1608Metric","1",""
"C9","4.7uF","RoyalBlue54L-Feather:C_0402_1005Metric","1",""
"C10","4.7uF","RoyalBlue54L-Feather:C_0402_1005Metric","1",""
"C11","2.2uF","RoyalBlue54L-Feather:C_0603_1608Metric","1",""
"C12","100nF","RoyalBlue54L-Feather:C_0402_1005Metric","1",""
"C13","300pF","RoyalBlue54L-Feather:C_0402_1005Metric","1",""
"C14","300pF","RoyalBlue54L-Feather:C_0402_1005Metric","1",""
"C15","1uF","RoyalBlue54L-Feather:C_0402_1005Metric","1",""
"C16","100nF","RoyalBlue54L-Feather:C_0402_1005Metric","1",""
"C17","100nF","RoyalBlue54L-Feather:C_0402_1005Metric","1",""
"C18","12pF","RoyalBlue54L-Feather:C_0402_1005Metric","1",""
"C19","100nF","RoyalBlue54L-Feather:C_0402_1005Metric","1",""
"C20","12pF","RoyalBlue54L-Feather:C_0402_1005Metric","1",""
"C21","100pF","RoyalBlue54L-Feather:C_0402_1005Metric","1",""
"C22","1uF","RoyalBlue54L-Feather:C_0402_1005Metric","1",""
"C23","4.7uF","RoyalBlue54L-Feather:C_0402_1005Metric","1",""
"C24","100nF","RoyalBlue54L-Feather:C_0402_1005Metric","1",""
"C25","100nF","RoyalBlue54L-Feather:C_0402_1005Metric","1",""
"D1","LED_Small","RoyalBlue54L-Feather:LED_0603_1608Metric","1",""
"D3","LED_ARGB","LED_SMD:LED_Wurth_150044M155260","1",""
"J3","USB_C_Receptacle_USB2.0_16P","RoyalBlue54L-Feather:USB_C_Receptacle_HRO_TYPE-C-31-M-12_ChamferedCourtyard","1",""
"J4","Conn_01x02_MountingPin","RoyalBlue54L-Feather:JST_PH_S2B-PH-SM4-TB_1x02-1MP_P2.00mm_Horizontal","1",""
"J5","Conn_01x04_MountingPin","Connector_JST:JST_SH_SM04B-SRSS-TB_1x04-1MP_P1.00mm_Horizontal","1",""
"J6","Conn_01x05_MountingPin","RoyalBlue54L-Feather-Connector_FFC-FPC:CONN-SMD_5P-P0.50_HCTL_HC-FPC-05-09-5RLTAG","1",""
"L1","2.2uH","RoyalBlue54L-Feather:L_0603_1608Metric","1",""
"R1","100kR","RoyalBlue54L-Feather:R_0402_1005Metric","1",""
"R4","330kR","RoyalBlue54L-Feather:R_0402_1005Metric","1",""
"R5","10kR","RoyalBlue54L-Feather:R_0402_1005Metric","1",""
"R6","470R","RoyalBlue54L-Feather:R_0402_1005Metric","1",""
"R7","10kR","RoyalBlue54L-Feather:R_0402_1005Metric","1",""
"R8","100kR","RoyalBlue54L-Feather:R_0402_1005Metric","1",""
"SW1","SW_Push","Button_Switch_SMD:SW_Push_1P1T_NO_Vertical_Wuerth_434133025816","1",""
"SW2","SW_Push","Button_Switch_SMD:SW_Push_1P1T_NO_Vertical_Wuerth_434133025816","1",""
"TP1","TestPoint","TestPoint:TestPoint_Pad_D2.0mm","1","DNP"
"TP2","TestPoint","TestPoint:TestPoint_Pad_D2.0mm","1","DNP"
"TP3","TestPoint","TestPoint:TestPoint_Pad_D2.0mm","1","DNP"
"TP5","TestPoint","TestPoint:TestPoint_Pad_D1.0mm","1","DNP"
"TP6","TestPoint","TestPoint:TestPoint_Pad_D1.0mm","1","DNP"
"TP7","TestPoint","TestPoint:TestPoint_Pad_D1.0mm","1","DNP"
"TP8","TestPoint","TestPoint:TestPoint_Pad_D1.0mm","1","DNP"
"TP9","TestPoint","TestPoint:TestPoint_Pad_D1.0mm","1","DNP"
"TP10","TestPoint","TestPoint:TestPoint_Pad_D1.0mm","1","DNP"
"TP11","TestPoint","TestPoint:TestPoint_Pad_D1.0mm","1","DNP"
"TP12","TestPoint","TestPoint:TestPoint_Pad_D1.0mm","1","DNP"
"U1","BM15x","RoyalBlue54L-Feather:BM15x-LGA-45_15.8x10mm","1",""
"U2","nPM1300-QEXX","RoyalBlue54L-Feather:QFN-32-1EP_5x5mm_P0.5mm_EP3.6x3.6mm_ThermalVias","1",""
"U3","TPD3E001DRLR","RoyalBlue54L-Feather:SOT-553","1",""
"U4","W25Q16JVUXIQ","RoyalBlue54L-Feather:Winbond_USON-8-1EP_3x2mm_P0.5mm_EP0.2x1.6mm","1",""
"U5","nRF52833-QDXX","RoyalBlue54L-Feather:QFN-40-1EP_5x5mm_P0.4mm_EP3.6x3.6mm_ThermalVias","1",""
"U6","TXB0106RGY","Package_DFN_QFN:Texas_RGY_R-PVQFN-N16_EP2.05x2.55mm","1",""
"Y1","32.768KHz","Crystal:Crystal_SMD_3215-2Pin_3.2x1.5mm","1",""
"Y2","32MHz","RoyalBlue54L-Feather:Crystal_SMD_2016-4Pin_2.0x1.6mm","1",""
